"player_name","fant_pos","g.x","r_att","r_yds","rya","rtd","tgt","rec","rec_yds","rec_y_r","rec_td","fmb","fl","td","ppr","pos","ybc","yac","brk_tkl"
"Dalvin Cook","RB",7,144,858,5.96,12,21,16,173,10.81,1,1,1,13,201.1,"rb",402,456,19
"Alvin Kamara","RB",8,96,471,4.91,5,72,60,565,9.42,3,1,0,8,211.6,"rb",283,188,10
"Derrick Henry","RB",8,182,843,4.63,8,18,10,81,8.1,0,0,0,8,150.4,"rb",341,502,17
"James Robinson","RB",8,132,580,4.39,5,34,27,225,8.33,2,2,1,7,149.5,"rb",253,327,10
"Todd Gurley","RB",9,159,584,3.67,9,22,15,79,5.27,0,2,0,9,135.3,"rb",276,308,16
"Ezekiel Elliott","RB",9,150,572,3.81,5,49,36,238,6.61,1,5,4,6,147,"rb",277,295,11
"Kareem Hunt","RB",8,115,529,4.6,3,25,18,113,6.28,4,1,0,7,124.2,"rb",208,321,7
"Josh Jacobs","RB",8,161,588,3.65,6,26,19,125,6.58,0,1,1,6,124.3,"rb",288,300,14
"Aaron Jones","RB",6,90,447,4.97,5,33,23,182,7.91,2,1,0,7,127.9,"rb",206,241,8
"Clyde Edwards-Helaire","RB",9,126,586,4.65,2,43,28,224,8,1,0,0,3,127,"rb",295,291,14
"James Conner","RB",8,119,520,4.37,5,25,20,123,6.15,0,1,0,5,114.3,"rb",287,233,10
"Ronald Jones II","RB",9,120,538,4.48,4,35,25,118,4.72,0,1,1,4,112.6,"rb",215,323,7
"Mike Davis","RB",9,85,353,4.15,2,49,43,278,6.47,2,1,1,4,128.1,"rb",98,255,14
"Antonio Gibson","RB",8,90,391,4.34,5,26,22,182,8.27,0,2,2,5,105.3,"rb",205,186,14
"Chris Carson","RB",6,66,323,4.89,3,25,22,147,6.68,3,1,0,6,105,"rb",164,159,5
"Darrell Henderson","RB",8,95,458,4.82,3,15,10,120,12,1,0,0,4,91.8,"rb",232,226,7
"Jonathan Taylor","RB",8,106,416,3.92,4,21,20,178,8.9,0,1,1,4,101.4,"rb",265,151,2
"David Montgomery","RB",9,131,472,3.6,1,41,30,212,7.07,1,1,1,2,110.4,"rb",147,325,18
"Jerick McKinnon","RB",9,59,261,4.42,5,33,24,173,7.21,1,0,0,6,103.4,"rb",159,102,3
"David Johnson","RB",8,103,408,3.96,3,25,16,161,10.06,1,1,1,4,94.9,"rb",228,180,4
"Joe Mixon","RB",6,119,428,3.6,3,26,21,138,6.57,1,1,1,4,99.6,"rb",226,202,3
"Kenyan Drake","RB",7,119,512,4.3,4,10,7,29,4.14,0,0,0,4,85.1,"rb",368,144,8
"D'Andre Swift","RB",8,54,250,4.63,4,34,26,207,7.96,1,1,0,5,101.7,NA,166,84,4
"Christian McCaffrey","RB",3,59,225,3.81,5,19,17,149,8.76,1,0,0,6,90.4,"rb",97,128,9
"Melvin Gordon","RB",7,96,393,4.09,4,27,20,87,4.35,1,3,3,5,92,"rb",190,203,7
"Myles Gaskin","RB",7,100,387,3.87,2,35,30,198,6.6,0,1,1,2,98.5,"rb",181,206,5
"Miles Sanders","RB",5,71,434,6.11,3,25,12,91,7.58,0,2,1,3,80.5,"rb",301,133,4
"Chase Edmonds","RB",8,54,246,4.56,1,35,29,240,8.28,2,2,0,3,95.6,"rb",167,79,3
"Devin Singletary","RB",9,95,386,4.06,1,33,24,192,8,0,0,0,1,87.8,"rb",118,268,5
"Rex Burkhead","RB",8,57,236,4.14,3,25,19,152,8,1,0,0,4,81.8,NA,155,81,5
"Jamaal Williams","RB",7,68,294,4.32,1,25,23,183,7.96,0,0,0,1,80.7,"rb",157,137,3
"Giovani Bernard","RB",8,40,143,3.58,2,29,24,190,7.92,2,0,0,4,81.3,"rb",69,74,3
"Malcolm Brown","RB",8,75,314,4.19,3,21,14,79,5.64,0,0,0,3,71.3,NA,200,114,7
"Nick Chubb","RB",4,57,335,5.88,4,3,3,17,5.67,0,1,1,4,60.2,"rb",141,194,7
"Nyheim Hines","RB",8,33,107,3.24,1,35,28,220,7.86,3,0,0,4,84.7,NA,70,37,2
"Raheem Mostert","RB",4,51,303,5.94,1,12,11,150,13.64,1,0,0,2,68.3,"rb",229,74,1
"Latavius Murray","RB",8,81,321,3.96,2,14,12,94,7.83,0,0,0,2,65.5,"rb",158,163,3
"Adrian Peterson","RB",8,93,350,3.76,2,14,10,69,6.9,0,0,0,2,63.9,"rb",240,110,4
"Jeff Wilson","RB",6,38,163,4.29,4,7,6,75,12.5,1,0,0,5,59.8,"rb",93,70,3
"Zack Moss","RB",6,52,204,3.92,3,10,8,71,8.88,1,0,0,4,59.5,NA,99,105,8
"J.K. Dobbins","RB",8,52,297,5.71,2,18,14,87,6.21,0,0,0,2,64.4,NA,161,136,3
"Gus Edwards","RB",8,75,328,4.37,3,6,2,11,5.5,0,1,1,3,51.9,"rb",153,175,3
"Leonard Fournette","RB",7,51,225,4.41,2,27,22,141,6.41,0,0,0,2,70.6,NA,118,107,0
"Wayne Gallman","RB",8,51,222,4.35,3,14,12,68,5.67,0,0,0,3,59,"rb",80,142,0
"Austin Ekeler","RB",4,49,248,5.06,1,17,17,144,8.47,0,0,0,1,62.2,"rb",123,125,8
"Joshua Kelley","RB",8,91,292,3.21,1,19,19,141,7.42,0,2,2,1,64.3,NA,144,148,7
"Damien Harris","RB",5,63,350,5.56,1,2,2,26,13,0,0,0,1,45.6,"rb",230,120,6
"Alexander Mattison","RB",8,69,322,4.67,1,11,9,61,6.78,0,0,0,1,53.3,"rb",159,163,4
"Frank Gore","RB",9,108,386,3.57,0,11,8,48,6,0,0,0,0,51.4,"rb",145,241,5
"J.D. McKissic","RB",8,35,168,4.8,0,47,34,248,7.29,0,1,1,0,73.6,"rb",87,81,5
"Brian Hill","RB",9,56,243,4.34,1,20,16,111,6.94,0,1,1,1,55.4,NA,134,109,3
"Phillip Lindsay","RB",5,53,310,5.85,1,7,2,14,7,0,0,0,1,40.4,"rb",191,119,2
"Mark Ingram","RB",6,50,225,4.5,2,5,3,25,8.33,0,0,0,2,40,"rb",145,80,5
"Boston Scott","RB",8,48,183,3.81,0,17,12,103,8.58,1,1,0,1,46.6,"rb",87,96,9
"Jordan Wilkins","RB",8,60,222,3.7,1,6,5,45,9,0,0,0,1,39.7,NA,91,131,7
"Devontae Booker","RB",8,33,223,6.76,1,8,8,60,7.5,0,1,0,1,42.3,NA,124,99,2
"Tony Pollard","RB",9,47,206,4.38,1,19,13,78,6,0,0,0,1,47.4,"rb",90,116,1
"DeeJay Dallas","RB",6,27,80,2.96,2,12,11,58,5.27,1,0,0,3,42.8,"rb",44,36,0
"Justin Jackson","RB",6,45,185,4.11,0,19,15,131,8.73,0,0,0,0,46.6,"rb",126,59,1
"Kerryon Johnson","RB",8,29,109,3.76,1,10,8,79,9.88,1,0,0,2,38.8,"rb",76,33,2
"Devonta Freeman","RB",5,54,172,3.19,1,10,7,58,8.29,0,0,0,1,36,"rb",104,68,2
"Carlos Hyde","RB",4,31,125,4.03,2,7,6,34,5.67,0,0,0,2,33.9,NA,100,25,0
"La'Mical Perine","RB",8,47,169,3.6,1,12,10,49,4.9,0,0,0,1,37.8,NA,88,81,2
"Jordan Howard","RB",5,28,33,1.18,4,1,1,-3,-3,0,1,0,4,28,"rb",8,25,1
"Kyle Juszczyk","RB",9,7,36,5.14,2,15,10,118,11.8,0,0,0,2,37.4,"fb",20,16,0
"Benny Snell Jr.","RB",8,47,168,3.57,2,3,2,0,0,0,2,1,2,28.8,NA,88,80,4
"Sony Michel","RB",3,26,173,6.65,1,3,2,23,11.5,0,0,0,1,27.6,"rb",48,125,3
"Dion Lewis","RB",9,19,59,3.11,1,22,14,89,6.36,1,1,1,2,38.8,NA,34,25,0
"James White","RB",6,16,51,3.19,0,30,25,195,7.8,0,1,0,0,49.6,NA,31,20,0
"Duke Johnson","RB",6,34,95,2.79,1,17,14,109,7.79,0,2,1,1,38.4,NA,26,69,1
"Jamycal Hasty","RB",7,36,135,3.75,1,6,5,37,7.4,0,1,0,1,28.2,NA,99,36,0
"Jalen Richard","RB",8,14,83,5.93,1,15,12,90,7.5,0,0,0,1,35.3,NA,46,37,1
"Chris Thompson","RB",7,7,20,2.86,0,23,20,146,7.3,1,0,0,1,42.6,NA,10,10,0
"Kalen Ballage","RB",4,18,82,4.56,1,13,11,82,7.45,0,0,0,1,33.4,NA,47,35,0
"Travis Homer","RB",8,25,88,3.52,0,7,6,71,11.83,1,0,0,1,27.9,NA,56,32,2
"Darrel Williams","RB",9,20,80,4,1,14,9,60,6.67,0,0,0,1,31,NA,51,29,0
"Peyton Barber","RB",8,38,81,2.13,2,2,1,4,4,0,0,0,2,21.5,"rb",44,37,0
"Matt Breida","RB",7,37,128,3.46,0,8,7,79,11.29,0,1,0,0,27.7,NA,63,65,0
"Le'Veon Bell","RB",5,35,128,3.66,0,7,7,65,9.29,0,1,0,0,26.3,NA,58,70,5
"Cam Akers","RB",6,35,148,4.23,0,2,2,23,11.5,0,0,0,0,19.1,"rb",41,107,3
"Jeremy McNichols","RB",8,23,147,6.39,0,7,4,19,4.75,0,0,0,0,20.6,NA,75,72,4
"Alec Ingold","RB",8,2,2,1,0,11,9,97,10.78,1,0,0,1,24.9,"fb",0,2,0
"Reggie Bonnafon","RB",2,12,69,5.75,0,2,2,18,9,1,0,0,1,16.7,NA,49,20,0
"Tyler Ervin","RB",6,12,67,5.58,0,14,10,81,8.1,0,0,0,0,24.8,NA,48,19,1
"D'Ernest Johnson","RB",8,29,142,4.9,0,3,2,9,4.5,0,1,0,0,17.1,NA,81,61,2
"T.J. Yeldon","RB",3,10,70,7,0,4,1,22,22,1,1,0,1,16.2,NA,36,34,0
"Gabe Nabers","RB",8,1,4,4,0,4,3,11,3.67,2,0,0,2,16.5,"rb",1,3,0
"Royce Freeman","RB",8,20,68,3.4,0,8,7,58,8.29,0,0,0,0,19.6,NA,35,33,1
"Tarik Cohen","RB",3,14,74,5.29,0,9,6,41,6.83,0,0,0,0,17.5,NA,52,22,1
"AJ Dillon","RB",7,23,97,4.22,0,1,1,16,16,0,0,0,0,12.3,NA,54,43,2
"Ke'Shawn Vaughn","RB",6,8,46,5.75,0,7,4,27,6.75,1,1,1,1,15.3,NA,20,26,1
"Alfred Morris","RB",2,17,95,5.59,0,1,1,4,4,0,0,0,0,10.9,NA,28,67,1
"Samaje Perine","RB",8,12,35,2.92,1,2,2,5,2.5,0,0,0,1,12,NA,16,19,0
"Troymaine Pope","RB",3,11,73,6.64,0,7,5,28,5.6,0,0,0,0,15.1,NA,49,24,0
"Ameer Abdullah","RB",8,2,7,3.5,0,2,2,23,11.5,1,0,0,1,11,NA,3,4,0
"Saquon Barkley","RB",2,19,34,1.79,0,9,6,60,10,0,0,0,0,15.4,"rb",-1,35,1
"Anthony McFarland Jr.","RB",6,17,64,3.76,0,6,4,28,7,0,0,0,0,13.2,NA,53,11,0
"Josh Adams","RB",2,3,8,2.67,1,2,2,14,7,0,0,0,1,10.2,NA,2,6,0
"Corey Clement","RB",8,18,63,3.5,0,5,4,18,4.5,0,0,0,0,12.1,NA,36,27,0
"Tevin Coleman","RB",3,21,50,2.38,0,4,3,34,11.33,0,0,0,0,11.4,"rb",10,40,3
"Ito Smith","RB",7,12,41,3.42,0,10,7,43,6.14,0,0,0,0,15.4,NA,29,12,0
"Anthony Sherman","RB",6,2,2,1,0,1,1,5,5,1,0,0,1,7.7,NA,0,2,0
"J.J. Taylor","RB",3,16,70,4.38,0,2,1,4,4,0,0,0,0,8.4,NA,37,33,0
"Ty Johnson","RB",6,6,57,9.5,0,3,1,6,6,0,0,0,0,7.3,NA,39,18,0
"Marlon Mack","RB",1,4,26,6.5,0,3,3,30,10,0,0,0,0,8.6,"rb",14,12,0
"LeSean McCoy","RB",5,6,-1,-0.17,0,14,10,61,6.1,0,0,0,0,16,NA,-3,2,0
"Patrick Ricard","RB",8,1,-1,-1,0,5,3,17,5.67,1,1,1,1,8.6,"fb",-1,0,0
"D'Onta Foreman","RB",2,10,48,4.8,0,0,0,0,NA,0,0,0,0,4.8,NA,26,22,1
"Dontrell Hilliard","RB",5,9,48,5.33,0,1,1,2,2,0,0,0,0,6,NA,19,29,1
"Salvon Ahmed","RB",1,7,38,5.43,0,0,0,0,NA,0,0,0,0,3.8,NA,33,5,1
"Trenton Cannon","RB",7,6,18,3,0,2,2,15,7.5,0,0,0,0,5.3,NA,3,15,1
"Patrick Laird","RB",8,1,-1,-1,0,4,4,28,7,0,0,0,0,6.7,NA,-1,0,0
"Darwin Thompson","RB",8,13,52,4,0,4,0,0,NA,0,1,1,0,3.2,NA,32,20,0
"Alex Armah","RB",9,5,6,1.2,0,3,1,14,14,0,0,0,0,3,"fb",2,4,0
"Mike Boone","RB",8,3,18,6,0,1,1,6,6,0,0,0,0,3.4,NA,5,13,3
"Michael Burton","RB",8,5,8,1.6,0,2,2,15,7.5,0,0,0,0,4.3,"fb",5,3,0
"Darrynton Evans","RB",2,5,21,4.2,0,0,0,0,NA,0,0,0,0,2.1,NA,13,8,0
"C.J. Ham","RB",8,3,8,2.67,0,4,1,11,11,0,0,0,0,2.9,"fb",4,4,0
"Andy Janovich","RB",8,2,4,2,0,3,2,13,6.5,0,0,0,0,3.7,"fb",3,1,0
"Ty Montgomery","RB",2,1,-4,-4,0,3,2,25,12.5,0,0,0,0,4.1,NA,-4,0,0
"Elijhaa Penny","RB",9,2,5,2.5,0,2,1,11,11,0,0,0,0,2.6,NA,1,4,0
"Keith Smith","RB",9,3,4,1.33,0,6,4,11,2.75,0,0,0,0,5.5,"fb",2,2,0
"Nick Bellore","RB",8,1,5,5,0,1,1,9,9,0,0,0,0,2.4,NA,1,4,0
"Lynn Bowden Jr.","RB",4,4,9,2.25,0,1,1,-1,-1,0,0,0,0,1.8,"rb",6,3,0
"Alex Collins","RB",1,2,5,2.5,0,0,0,0,NA,0,0,0,0,0.5,NA,0,5,0
"Rico Dowdle","RB",8,3,13,4.33,0,0,0,0,NA,0,0,0,0,1.3,NA,8,5,0
"D.J. Foster","RB",3,1,2,2,0,1,1,7,7,0,0,0,0,1.9,NA,0,2,0
"Jason Huntley","RB",4,3,14,4.67,0,1,0,0,NA,0,0,0,0,1.4,NA,7,7,1
"Malcolm Perry","RB",2,1,-5,-5,0,2,1,10,10,0,0,0,0,1.5,"rb",-5,0,0
"Senorise Perry","RB",2,2,9,4.5,0,0,0,0,NA,0,0,0,0,0.9,NA,2,7,0
"Theo Riddick","RB",1,2,13,6.5,0,0,0,0,NA,0,0,0,0,1.3,NA,6,7,0
"Jaylen Samuels","RB",8,3,8,2.67,0,5,2,5,2.5,0,0,0,0,3.3,NA,5,3,0
"DeAndre Washington","RB",1,3,5,1.67,0,1,1,2,2,0,0,0,0,1.7,NA,3,2,0
"Dwayne Washington","RB",6,5,9,1.8,0,0,0,0,NA,0,0,0,0,0.9,NA,6,3,0
"Dexter Williams","RB",2,2,8,4,0,0,0,0,NA,0,0,0,0,0.8,NA,7,1,0
"Qadree Ollison","RB",3,1,3,3,0,0,0,0,NA,0,0,0,0,0.3,NA,0,3,0
"C.J. Prosise","RB",6,1,1,1,0,0,0,0,NA,0,0,0,0,0.1,NA,1,0,0
"Christian McCaffrey *+","RB",16,287,1387,4.83,15,142,116,1005,8.66,4,1,0,19,471.2,"RB",874,513,16
"Derrick Henry *","RB",15,303,1540,5.08,16,24,18,206,11.44,2,5,3,18,294.6,"RB",572,968,29
"Aaron Jones","RB",16,236,1084,4.59,16,68,49,474,9.67,3,3,2,19,314.8,"RB",569,515,32
"Ezekiel Elliott*","RB",16,301,1357,4.51,12,71,54,420,7.78,2,3,2,14,311.7,"RB",678,679,24
"Dalvin Cook*","RB",14,250,1135,4.54,13,63,53,519,9.79,0,4,2,13,292.4,"RB",539,596,20
"Nick Chubb*","RB",16,298,1494,5.01,8,49,36,278,7.72,0,3,3,8,255.2,"RB",612,882,32
"Austin Ekeler","RB",16,132,557,4.22,3,108,92,993,10.79,8,3,2,11,309,"rb",233,324,12
"Mark Ingram*","RB",15,202,1018,5.04,10,29,26,247,9.5,5,2,2,15,242.5,"RB",494,524,18
"Chris Carson","RB",15,278,1230,4.42,7,47,37,266,7.19,2,7,4,9,232.6,"RB",496,734,28
"Saquon Barkley","RB",13,217,1003,4.62,6,73,52,438,8.42,2,1,0,8,244.1,"RB",398,605,16
"Joe Mixon","RB",16,278,1137,4.09,5,45,35,287,8.2,3,0,0,8,225.4,"RB",492,645,24
"Todd Gurley","RB",15,223,857,3.84,12,49,31,207,6.68,2,3,2,14,219.4,"RB",483,374,21
"Leonard Fournette","RB",15,265,1152,4.35,3,100,76,522,6.87,0,1,1,3,259.4,"RB",360,792,16
"Josh Jacobs","RB",13,242,1150,4.75,7,27,20,166,8.3,0,1,1,7,191.6,"RB",467,683,26
"Miles Sanders","RB",16,179,818,4.57,3,63,50,509,10.18,3,2,1,6,218.7,"RB",445,373,16
"Alvin Kamara*","RB",14,171,797,4.66,5,97,81,533,6.58,1,4,1,6,248.5,"RB",396,401,29
"Marlon Mack","RB",14,247,1091,4.42,8,17,14,82,5.86,0,0,0,8,181.3,"RB",591,500,12
"Kenyan Drake","RB",14,170,817,4.81,8,68,50,345,6.9,0,2,1,8,214.2,NA,479,338,12
"Phillip Lindsay","RB",16,224,1011,4.51,7,48,35,196,5.6,0,0,0,7,197.7,"RB",603,408,29
"Raheem Mostert","RB",16,137,772,5.64,8,22,14,180,12.86,2,2,2,10,165.2,NA,475,297,12
"Le'Veon Bell","RB",15,245,789,3.22,3,78,66,461,6.98,1,1,1,4,215,"RB",287,502,16
"David Montgomery","RB",16,242,889,3.67,6,35,25,185,7.4,1,2,2,7,170.4,"rb",496,393,28
"Carlos Hyde","RB",16,245,1070,4.37,6,16,10,42,4.2,0,4,2,6,153.2,"RB",525,545,22
"Sony Michel","RB",16,247,912,3.69,7,20,12,94,7.83,0,2,1,7,152.6,"RB",521,391,16
"Devonta Freeman","RB",14,184,656,3.57,2,70,59,410,6.95,4,3,2,6,197.6,"RB",363,293,11
"Melvin Gordon","RB",12,162,612,3.78,8,55,42,296,7.05,1,4,3,9,180.8,"RB",312,300,8
"Ronald Jones II","RB",16,172,724,4.21,6,40,31,309,9.97,0,3,2,6,166.3,"RB",309,415,23
"Adrian Peterson","RB",15,211,898,4.26,5,23,17,142,8.35,0,3,2,5,147,"RB",374,524,7
"James White","RB",15,67,263,3.93,1,95,72,645,8.96,5,1,1,6,200.2,NA,165,98,3
"Latavius Murray","RB",16,146,637,4.36,5,43,34,235,6.91,1,0,0,6,157.2,"rb",390,247,11
"Devin Singletary","RB",12,151,775,5.13,2,41,29,194,6.69,2,4,1,4,147.9,"RB",413,362,20
"Tevin Coleman","RB",14,137,544,3.97,6,30,21,180,8.57,1,0,0,7,135.4,"RB",354,190,5
"James Conner","RB",10,116,464,4,4,38,34,251,7.38,3,1,1,7,145.5,"RB",199,265,5
"Damien Williams","RB",11,111,498,4.49,5,37,30,213,7.1,2,1,1,7,141.1,"rb",141,357,15
"Duke Johnson","RB",16,83,410,4.94,2,62,44,410,9.32,3,1,1,5,154,NA,175,235,8
"Jamaal Williams","RB",14,107,460,4.3,1,45,39,253,6.49,5,0,0,6,146.3,NA,270,190,5
"David Johnson","RB",13,94,345,3.67,2,47,36,370,10.28,4,1,1,6,141.5,"rb",175,170,6
"Peyton Barber","RB",16,154,470,3.05,6,24,16,115,7.19,1,1,1,7,116.5,"rb",204,266,8
"Jordan Howard","RB",10,119,525,4.41,6,14,10,69,6.9,1,0,0,7,111.4,"/rb",243,282,4
"Royce Freeman","RB",16,132,496,3.76,3,50,43,256,5.95,1,0,0,4,142.2,NA,244,252,8
"LeSean McCoy","RB",13,101,465,4.6,4,34,28,181,6.46,1,3,2,5,118.6,"RB/rb",265,200,5
"Gus Edwards","RB",16,133,711,5.35,2,7,7,45,6.43,0,2,1,2,92.6,NA,335,376,7
"DeAndre Washington","RB",16,108,387,3.58,3,41,36,292,8.11,0,0,0,3,121.9,NA,186,201,5
"Tarik Cohen","RB",16,64,213,3.33,0,104,79,456,5.77,3,3,0,3,163.9,"RB",134,79,6
"Matt Breida","RB",13,123,623,5.07,1,22,19,120,6.32,1,2,1,2,103.3,"rb",402,221,8
"Frank Gore","RB",16,166,599,3.61,2,16,13,100,7.69,0,0,0,2,94.9,"rb",260,339,10
"Kerryon Johnson","RB",8,113,403,3.57,3,15,10,127,12.7,1,1,1,4,85,"RB",177,226,8
"Rex Burkhead","RB",13,65,302,4.65,3,38,27,279,10.33,0,1,1,3,101.1,NA,157,145,6
"Nyheim Hines","RB",16,52,199,3.83,2,58,44,320,7.27,0,1,1,4,117.9,NA,118,81,2
"Tony Pollard","RB",15,86,455,5.29,2,20,15,107,7.13,1,1,1,3,89.2,NA,146,309,10
"Boston Scott","RB",11,61,245,4.02,5,26,24,204,8.5,0,4,1,5,96.9,NA,136,109,2
"Chase Edmonds","RB",13,60,303,5.05,4,21,12,105,8.75,1,0,0,5,82.8,NA,180,123,4
"Rashaad Penny","RB",10,65,370,5.69,3,11,8,83,10.38,1,1,1,4,75.3,NA,186,184,5
"Kareem Hunt","RB",8,43,179,4.16,2,44,37,285,7.7,1,1,0,3,101.4,NA,65,114,4
"Alexander Mattison","RB",13,100,462,4.62,1,12,10,82,8.2,0,1,1,1,68.4,NA,267,195,11
"Malcolm Brown","RB",14,69,255,3.7,5,6,2,16,8,0,0,0,5,59.1,NA,110,145,10
"Brian Hill","RB",12,78,323,4.14,2,14,10,69,6.9,1,0,0,3,67.2,NA,157,166,3
"Jaylen Samuels","RB",14,66,175,2.65,1,57,47,305,6.49,1,1,1,2,104.4,NA,49,126,3
"Benny Snell Jr.","RB",13,108,426,3.94,2,4,3,23,7.67,0,1,1,2,57.9,NA,125,301,7
"Darrel Williams","RB",12,41,141,3.44,3,19,15,167,11.13,1,1,1,4,67.8,NA,81,60,1
"Chris Thompson","RB",11,37,138,3.73,0,58,42,378,9,0,1,0,0,93.6,NA,74,64,2
"Derrius Guice","RB",5,42,245,5.83,2,9,7,79,11.29,1,0,0,3,57.4,NA,52,193,3
"J.D. McKissic","RB",16,38,205,5.39,0,42,34,233,6.85,1,0,0,1,83.8,"/rb",112,93,3
"Mike Boone","RB",16,49,273,5.57,3,4,3,17,5.67,0,0,0,3,50,NA,93,180,2
"Jalen Richard","RB",16,39,145,3.72,0,43,36,323,8.97,0,2,0,0,82.8,NA,90,55,0
"Jordan Wilkins","RB",14,51,307,6.02,2,11,7,43,6.14,0,0,0,2,54,NA,140,167,4
"Patrick Laird","RB",15,62,168,2.71,1,30,23,204,8.87,0,0,0,1,68.2,NA,86,82,5
"Jeff Wilson","RB",10,27,105,3.89,4,5,3,34,11.33,1,0,0,5,46.9,NA,66,39,0
"Brandon Bolden","RB",15,15,68,4.53,3,11,9,111,12.33,1,0,0,4,50.9,NA,46,22,2
"Justice Hill","RB",16,58,225,3.88,2,15,8,70,8.75,0,0,0,2,49.5,NA,125,100,3
"Bo Scarbrough","RB",6,89,377,4.24,1,4,1,5,5,0,1,1,1,43.2,"rb",183,194,5
"Dion Lewis","RB",16,54,209,3.87,0,32,25,164,6.56,1,1,1,1,66.3,"/rb",82,127,7
"Dare Ogunbowale","RB",16,11,17,1.55,2,46,35,286,8.17,0,2,1,2,75.3,NA,5,12,1
"Kalen Ballage","RB",12,74,135,1.82,3,24,14,63,4.5,0,0,0,3,51.8,"RB",50,85,1
"Giovani Bernard","RB",16,53,170,3.21,0,43,30,234,7.8,0,2,1,0,68.4,NA,66,104,6
"Ryquell Armstead","RB",16,35,108,3.09,0,24,14,144,10.29,2,0,0,2,51.2,NA,18,90,2
"Wayne Gallman","RB",10,29,110,3.79,2,15,11,102,9.27,1,1,1,3,48.2,NA,72,38,0
"Ty Johnson","RB",16,63,273,4.33,0,31,24,109,4.54,0,1,1,0,60.2,NA,120,153,5
"Jonathan Williams","RB",9,49,235,4.8,1,5,5,59,11.8,0,0,0,1,40.4,NA,102,133,7
"Kyle Juszczyk*","RB",12,3,7,2.33,0,24,20,239,11.95,1,0,0,1,50.6,"FB",2,5,0
"Qadree Ollison","RB",8,22,50,2.27,4,2,1,7,7,0,1,0,4,30.7,NA,29,21,0
"Mark Walton","RB",7,53,201,3.79,0,21,15,89,5.93,0,1,1,0,42,NA,91,110,1
"Dontrell Hilliard","RB",14,13,49,3.77,2,15,12,92,7.67,0,2,0,2,38.1,NA,36,13,0
"Bilal Powell","RB",13,59,229,3.88,0,12,7,33,4.71,0,0,0,0,33.2,"/rb",82,147,4
"Ito Smith","RB",7,22,106,4.82,1,14,11,87,7.91,0,0,0,1,36.3,NA,71,35,2
"Ameer Abdullah","RB",16,23,115,5,0,21,15,88,5.87,1,1,1,1,39.3,NA,77,38,2
"Myles Gaskin","RB",7,36,133,3.69,1,12,7,51,7.29,0,0,0,1,31.4,NA,28,105,0
"Reggie Bonnafon","RB",16,16,116,7.25,1,9,6,57,9.5,0,0,0,1,29.3,NA,92,24,1
"Darwin Thompson","RB",12,37,128,3.46,1,10,9,43,4.78,0,0,0,1,32.1,NA,58,70,4
"Justin Jackson","RB",7,29,200,6.9,0,11,9,22,2.44,0,0,0,0,31.2,NA,99,101,4
"C.J. Ham*","RB",16,7,17,2.43,0,26,17,149,8.76,1,1,1,1,37.6,"FB",4,13,1
"Ty Montgomery","RB",16,32,103,3.22,0,17,13,90,6.92,0,0,0,0,32.3,"/rb",61,42,0
"C.J. Prosise","RB",9,23,72,3.13,1,12,10,76,7.6,0,1,1,1,28.8,NA,39,33,1
"Darrell Henderson","RB",13,39,147,3.77,0,6,4,37,9.25,0,0,0,0,22.4,NA,84,63,7
"Travis Homer","RB",16,18,114,6.33,0,13,11,56,5.09,0,0,0,0,28,NA,82,32,0
"T.J. Yeldon","RB",6,17,63,3.71,0,15,13,124,9.54,0,1,1,0,29.7,NA,15,48,4
"Wendell Smallwood","RB",15,22,81,3.68,0,13,9,64,7.11,0,0,0,0,23.5,NA,47,34,1
"Trey Edmunds","RB",11,22,92,4.18,0,7,6,48,8,0,0,0,0,20,NA,53,39,0
"Wes Hills","RB",1,10,21,2.1,2,2,2,1,0.5,0,0,0,2,16.2,NA,9,12,0
"Kerrith Whyte Jr","RB",6,24,122,5.08,0,1,1,9,9,0,0,0,0,14.1,NA,47,75,1
"Alec Ingold","RB",16,10,17,1.7,0,6,6,44,7.33,1,0,0,1,18.1,NA,9,8,0
"Javorius Allen","RB",10,10,36,3.6,1,2,1,9,9,0,0,0,1,11.5,NA,-5,41,0
"Darren Sproles","RB",6,17,66,3.88,0,10,6,24,4,0,1,0,0,17,"/rb",40,26,0
"Andy Janovich","RB",7,1,1,1,1,5,5,42,8.4,0,0,0,1,15.3,"/fb",0,1,0
"Danny Vitale","RB",15,1,3,3,0,12,7,97,13.86,0,0,0,0,17,NA,2,1,0
"Derek Watt","RB",16,7,10,1.43,1,5,3,32,10.67,0,0,0,1,13.2,"/fb",5,5,0
"Kenjon Barner","RB",14,4,28,7,0,8,6,22,3.67,0,4,1,1,15.1,NA,22,6,0
"D'Ernest Johnson","RB",16,4,21,5.25,0,7,6,71,11.83,0,0,0,0,15.2,NA,18,3,0
"Marshawn Lynch","RB",1,12,34,2.83,1,0,0,0,NA,0,0,0,1,9.4,NA,20,14,0
"Alex Armah","RB",16,6,11,1.83,1,2,2,6,3,0,0,0,1,9.7,NA,6,5,0
"Devontae Booker","RB",16,2,9,4.5,0,9,6,57,9.5,0,0,0,0,12.6,NA,0,9,1
"Tra Carson","RB",3,18,48,2.67,0,4,4,18,4.5,0,0,0,0,10.6,NA,19,29,0
"Troymaine Pope","RB",14,10,20,2,0,3,2,14,7,1,1,1,1,9.4,NA,11,9,0
"Spencer Ware","RB",3,17,51,3,0,7,5,22,4.4,0,1,0,0,12.3,NA,21,30,2
"Dwayne Washington","RB",16,8,60,7.5,0,1,1,6,6,0,0,0,0,7.6,NA,9,51,2
"Zach Line","RB",12,7,20,2.86,0,10,6,36,6,0,0,0,0,11.6,"/fb",10,10,0
"Mike Davis","RB",12,13,27,2.08,0,8,7,22,3.14,0,0,0,0,11.9,NA,15,12,0
"Patrick DiMarco","RB",16,3,7,2.33,0,7,5,41,8.2,0,0,0,0,9.8,"fb",1,6,0
"Jon Hilliman","RB",3,30,91,3.03,0,4,3,1,0.33,0,2,2,0,8.2,NA,45,46,0
"Taiwan Jones","RB",11,9,40,4.44,0,1,1,9,9,0,0,0,0,5.9,NA,26,14,0
"Devine Ozigbo","RB",10,9,27,3,0,5,3,23,7.67,0,0,0,0,8,NA,11,16,0
"Elijhaa Penny","RB",16,15,39,2.6,0,4,2,9,4.5,0,0,0,0,6.8,NA,16,23,1
"C.J. Anderson","RB",2,16,43,2.69,0,0,0,0,NA,0,0,0,0,4.3,NA,6,37,1
"Paul Perkins","RB",4,12,29,2.42,0,1,1,9,9,0,0,0,0,4.8,NA,16,13,1
"Jay Ajayi","RB",3,10,30,3,0,1,0,0,NA,0,0,0,0,3,NA,9,21,5
"Dalyn Dawkins","RB",2,11,26,2.36,0,1,0,0,NA,0,0,0,0,2.6,NA,17,9,0
"Anthony Sherman","RB",16,4,9,2.25,0,3,2,22,11,0,0,0,0,5.1,NA,9,0,0
"Tyler Ervin","RB",10,1,10,10,0,4,2,11,5.5,0,2,0,0,4.1,NA,3,7,1
"T.J. Logan","RB",12,3,10,3.33,0,3,2,13,6.5,0,0,0,0,4.3,NA,6,4,0
"Samaje Perine","RB",7,5,16,3.2,0,0,0,0,NA,0,0,0,0,1.6,NA,11,5,1
"Keith Smith","RB",16,5,8,1.6,0,3,1,13,13,0,0,0,0,3.1,"fb",0,8,0
"Zach Zenner","RB",5,3,-2,-0.67,0,3,2,19,9.5,0,0,0,0,3.7,NA,-2,0,0
"Josh Adams","RB",3,8,12,1.5,0,0,0,0,NA,0,0,0,0,1.2,NA,5,7,0
"Tony Brooks-James","RB",3,8,7,0.88,0,0,0,0,NA,0,0,0,0,0.7,NA,-11,18,2
"Josh Ferguson","RB",2,3,9,3,0,0,0,0,NA,0,0,0,0,0.9,NA,9,0,0
"Damien Harris","RB",2,4,12,3,0,0,0,0,NA,0,0,0,0,1.2,NA,8,4,0
"Buddy Howell","RB",16,5,10,2,0,0,0,0,NA,0,0,0,0,1,NA,7,3,0
"John Kelly","RB",4,3,9,3,0,0,0,0,NA,0,0,0,0,0.9,NA,5,4,0
"Ryan Nall","RB",8,2,8,4,0,0,0,0,NA,0,0,0,0,0.8,NA,3,5,0
"Jordan Scarlett","RB",9,4,9,2.25,0,0,0,0,NA,0,0,0,0,0.9,NA,4,5,0
"De'Lance Turner","RB",8,4,6,1.5,0,0,0,0,NA,0,0,0,0,0.6,NA,1,5,0
"Dexter Williams","RB",4,5,11,2.2,0,0,0,0,NA,0,0,0,0,1.1,NA,6,5,0
"Alfred Morris","RB",1,1,4,4,0,0,0,0,NA,0,0,0,0,0.4,NA,2,2,0
"Senorise Perry","RB",11,3,3,1,0,1,1,1,1,0,0,0,0,1.4,NA,0,3,1
